از خانواده گربه,1
از حیوانات خانگی,1
حیوانی که سوار آن میشویم,1
پستانداری با شاخ بزرگ,1
جاندار موذی,1
جانوری که در دریا زندگی میکند,1
خزنده بدون پا,1
حیوانی که به ما شیر میدهد,1
جانور خیالی ترسناک,1
حیوان مکار,1
از حیوانات پستاندار,1
حیوانی خزنده,1
ماهی با اسم یک سلاح,1
حفاری که کور است,1
حیوان شیرده,1
حیوان با وفا,1
پرنده که روی یک پا می ایستد,1
حیوانی که در آب زنگی میکند,1
کبوتر صحرایی,1
ماهی ای گوشت خوار در جنگل امازون,1
حیوان عاج‌دار,1
جانوری سخت پشت,1
پستاندار موذی در آمریکای شمالی,1
از حیوانات خزنده,1
حیوانی که از بامبو تغذیه میکند,1
پنجمین شرکت خودروسازی در ژاپن,1
ماهی عظیم,1
دوست انسان,1
پرنده ای که ئدر قطب زندگی میکند,1
پرنده ای بزرگ که نمی تواند پرواز کند,1
خزنده خاکی,1
فیل عصر یخبندان,1
ماهی خطرناک,1
حیوان باهوش,1
گوشت خوار اهلی,1
نوعی میمون,1
خطرناک ترین موجود دریا,1
جانوری دو زیست,1
ماهی ای که در سفره ی عید استفاده میشود,1
ماهی با اسم یک ابزار,1
حیوانی شاخ دار که روی صخره ها زندگی میکند,1
بدون دست وپا,1
گونه در حال انقراض در ایران,1
حیوانی که دست و پا ندارد و خزنده است,1
پرنده با غذای ماهی,1
پستاندار نجیب,1
کوچک ترین حیوان که نسبت به اندازه خود قدرت بسیار دارد,1
نام دیگر عنبرماهی,1
فرزندد الاغ و اسب,1
پرنده‌ ای اهلی,1
جانوری دوزیست,1
ماهی خزنده,1
بزرگترین پستاندار,1
نام موجودی منقرض شده,1
بزرگ ترین حیوان جهان,1
حشره خونخوار,1
حیوان وفادار,1
شتر گاو پلنگ,1
گربه ایرانی,1
خزنده ای که هم در آب است و هم در خشکی,1
گوش بزرگ,1
پرنده ای پستاندار,1
شتر تندرو,1
پرنده سعادت,1
نزدیک ترین حیوان به انسان,1
گربه سانی بزرگ که در آفریقا و آسیا یافت می شود,1
حیوانی راه راه سفید و سیاه,1
پستاندار دریایی بسیار باهوش,1
حیوانی است اهلی,1
حشره حمام,1
از حیوانات تخم گذار,1
نوعی مار بزرگ,1
حیوانی که هویج دوست دارد,1
تک سلولی دریا,1
نوعی مار خطرناک,1
پرنده مظهر وفا,1
حیوان نجیب,1
حیوانی بزرگ که یک شاخ دارد,1
ماهی نارنجی رنگ,1
پرنده حضرت سلیمان,1
پرنده صلح و دوستی,1
پرنده ی شب خیز,1
حیوان بارکش,1
پرنده شب,1
پرنده باوقار,1
پرنده افسانه‌ای,1
خرنده خاکی,1
بزرگ ترین حیوان,1
پستانداری با دم زیبا,1
اسب یال قرمز و دم سیاه,1
خرسی که در قطب زندگی میکند,1
پرنده نجار,1
شکارچی موش,1
حیوان معروف استرالیا,1
سلطان جنگل,1
پرنده استوایی,1
پرنده‌ای که در ارتفاع زندگی می‌کند,1
پرنده سخنگو,1
جانوری دارای چنگال,1
خرسی سفید و سیاه,1
حیوان سمبل کشور استرالیا,1
نوعی سگ,1
بزرگ ترین گربه سان,1
پرنده وفادار,1
پرنده ای که تماما سیاه است,1
جانوری خزنده,1
حیوان ملی کانادا,1
از نژاد گربه,1
حیوان بومی استرالیا,1
حیوانی که تار صوتی ندارد,1
حیوان ورزش چوگان,1
نوعی نژاد سگ,1
پرنده برفی,1
پستانداری که پرواز می‌کند,1
پرنده افسانه ای,1
جانور مولد برق,1
موش بالدار,1
حشره مجذوب شمع,1
پرنده ای گوشت خوار و باوقار,1
از پرندگان کوچک و خوش آواز که ساری هم میگویند,1
شتر ابپاش,1
پرنده ولی پستاندار,1
گردن دراز,1
خزنده ترسناک بزرگ,1
نام یک تک سلولی,1
حیوان دست آموز,1
نوعی حیوان در معرض انقراض,1
چرنده بزرگ,1
پرنده باهوش,1
حیوانی درنده,1
اسب تندرو,1
از پرندگان وحشی,1
درنده با پوست زیبا,1
حیوانی اهلی با چهارپا,1
اسب کوتوله,1
یار محفل شمع و گل,1
شبیه ترین حیوان به ژن انسان,1
خزنده ای خانه به دوش,1
حیوانی راه راه,1
بزرگ ترین پرنده ی دنیا,1
جانور حریص,1
شکارچی آفریقا,1
شتر بی کوهان,1
اولین ماه شمسی,2
نام دیگر پاییز,2
فصلی که در ان درختان شکوفه می دهند,2
هشتمین ماه میلادی,2
دومین ماه میلادی,2
اولین ماه سال شمسی,2
نهمین ماه شمسی,2
دوازدهمین ماه شمسی,2
برف میباره,2
از برج های سال میلادی,2
نام دیگر شتا,2
هفتیم ماه میلادی,2
سومین فصل,2
فصل برفی,2
سردترین فصل سال,2
ماه جشن خرمن,2
دهمین ماه میلادی,2
چهارمین ماه میلادی,2
نهمین ماه میلادی,2
سومین فصل سال شمسی,2
ماهی که روز تولد کوروش کبیر در آن ماه است,2
ماهی که در آن مدارس باز میشوند,2
هشتمین ماه شمسی,2
ششمین ماه میلادی,2
فصلی که برگ درختان زرد می شود,2
دومین ماه زمستان,2
اخرین ماه سال شمسی,2
گرمترین فصل سال,2
تابستان به انگلیسی,2
ماه بازگشایی مدارس,2
فصل سرما,2
هفتیم ماه شمسی,2
دومین ماه شمسی,2
ماهی که شب بلدا آخرین روز آن است,2
ششمین ماه شمسی,2
یازدهمین ماه میلادی,2
پنجمین ماه میلادی,2
ماهی که بعد از دسامبر می آید,2
شب یلدا در این فصل است,2
از ماه‌های سريانی,2
چهارمین ماه شمسی,2
ماه میلادی تولد حضرت مسیح,2
ماه میلادی با ۲۸ روز,2
اخرین ماه سال میلادی,2
سومین ماه میلادی,2
سومین ماه شمسی,2
فصلی که نوروز در آن است,2
بلک فرایدی در این ماه است,2
سومین فصل سال,2
فلصی که در آن مدارس تعطیل است,2
نام عید سال نو شمسی,2
یازدهمین ماه شمسی,2
سال قمری با این ماه آغاز میشود,2
اولین ماه میلادی,2
پنجمین ماه شمسی,2
فصل کریسمس,2
نام دیگر صیف,2
ماه اول سال,2
دهمین ماه شمسی,2
ماه سوم میلادی,2
اخرین ماه میلادی,2
فصل تعطیلات,2
عید نوروز,2
دوازدهمین ماه میلادی,2
فصل شروع سال تحصیلی,2
سومین ماه از سومین فصل سال,2
به گلدان اب میدهد,3
سنجش زمان,3
جعبه‌ای حاوی چیز های ارزشمند,3
قلم را در ان میزنند,3
وسیله ای در اتاق خواب,3
برای حمل وسایل,3
روی آن مینشینیم,3
جهت سلامت دندان ها,3
محل قرار دادن وسایل,3
وسیله ای برای نوشتن,3
اتاق را گرم میکند,3
قطعه اصلی ترمز خودرو,3
ماده آرایشی مژه,3
مجسمه معروف در نیویورک,3
ابزار روشنایی,3
نگهدارنده گل ها,3
محل نشستن,3
یک شی که پا را در آن میگذاریم,3
برای خشک کردن گوش,3
وسیله نوشتن,3
محل قرار دادن گل,3
وسیله‌ی که در آن غذا پخت میشود,3
وسیله کاهش فشار,3
رویه چرخ اتومبیل,3
مایه حیات,3
اندازه گیری وزن,3
وسیله ای که صدا ها را ضبط میکند,3
وسیله‌ کمک بینایی,3
از ابزار آشپزخانه,3
از آن مینوشیم,3
از وسایل نقاشی,3
در فوتبال توپ را در ان شوت میکنند,3
وسیله ای که با آن سوپ میخوریم,3
لباسی که در زمستان گرم میکند,3
وسیله‌ای برای کشیدن خط صاف,3
با آن تایپ میکنند,3
وسیله جوش اوردن اب,3
وسیله‌ای که روی آن می‌نشینیم,3
از قطعات اتوموبیل,3
وسیله باز کردن در,3
بلندگوی کامپیوتر,3
خود را در ان میبنیم,3
از ماه های سال,3
وسیله ای که برای نوشیدن مایعات استفاده میشود,3
محل قرار دادن لباس,3
من در آن پیدا,3
اسباب نظافت,3
شی ای تزئینی,3
کامپیوتر قابل حمل,3
جعبه جادویی,3
ابزار کندن خاک باغچه,3
جامه صاف کن,3
وسیله هوشمندی که همیشه همراهمان است,3
وسیله ای برای مو,3
در ان غذا پخت می شود,3
روی ان میخوابند,3
وسیله تماس,3
نگهدارنده عکس,3
از وسایل اشپزخانه برای خنک نگه داشتن,3
غذای لهستانی,4
اثری زیبا در شرق کرمان,4
تهیه شده از رشته,4
غذای حاضری,4
غذای خراسانی,4
از غذا های خوشمزه اما مضر,4
تهیه شده از شیر و برنج,4
شامی خوشمزه,4
غذای محبوب اصفهان,4
پرطرفدارترین نوشیدنی,4
از نوشدنی های گرم,4
از مواد صبحانه,4
گوجه پنیر و خمیر پخته شده در فر,4
از غذا های سرد,4
نوشیدنی معروفی به رنگ سیاه,4
از غذا های محبوب شیراز,4
یکی از غذاهای ایرانی و نوعی دمپختک,4
یکی از غذاهای نسبتا ساده که با تخم مرغ تهیه می شود,4
با آن نوشیدنی گازدار میکنند,4
چهل ساله اش معروف است,4
غذایی با نام مشابه به یکی از شهرهای آلمان,4
غذای اصفهان,4
غذایی آبدار که معمولا با سبزی و حبوبات تهیه می شود,4
غذای عید پاک,4
همراه سبزی پلو,4
مهمترین نوشیدنی,4
نوعی غذای سرخ کردنی که با نخود تهیه می شود,4
خورشت محبوب ایرانی,4
خوراکی موردعلاقه‌ی بچه‌ها,4
غذایی دریایی,4
از غذا های معروف تبریزی ها,4
نوشیدنی حاصل از میوه,4
یکی از معروف ترین غذاهای با ماهیچه یا ران مرغ ایرانی که معمولا مصرف می کنند,4
غذایی با برنج,4
غذای سنتی تبریز,4
خوراک معروف ایتالیایی,4
غذایی از بادمجان,4
خوراکی با اسفناج,4
غذای ترکی با تخم مرغ,4
آش انار,4
کبابی از ترکیه,4
از غذاهای محلی جنوب ایران,4
غذای ایرانی که با رشته درست میشود,4
سوقات قم,4
سوپ ایرانی,4
خوراکی مورد علاقه کودکان,4
از غذاهای محبوب ایرانی,4
از غذا های کرمانشاه,4
پیش غذای لبنانی,4
غذای معروف ایتالیایی,4
خوراکی با اب و نشاسته و شکر,4
غذای روز عید نوروز,4
خوردنی معروف در سینما,4
نوشیدنی سالم,4
غذای محلی گیلان,4
غذای ویژه مهمانی,4
گوشت ریز شده و تفت داده شده,4
عذایی شمالی,4
از محصولات گاو,4
تهیه شده از کاکائو,4
غذای بیمار,4
نوشیدنی گاز دار,4
نوعی آش,4
ترکیب اسپرسو و شیر,4
غذای فرانسوی,4
غذای محلی قزوین,4
نوعی خوراک که پایه آن ماست است,4
نوشیدنی قند پهلو,4
مایع حیات,4
سکونت گاه رود نیل,5
شهری در آلمان,5
پایتخت فرانسه,5
نام شهراستانی در شمل شرقی اصفهان,5
از جزایر اندونزی,5
هیتلر اولین بار به آن حمله کرد,5
محل فرمانروایی فرعون,5
نام شهری در آلمان,5
کشوری که روی نقشه شبیه چکمه است,5
کشوری کنونی امپراتوری باستانی اینکاها,5
از کشور های آفریقایی,5
مرکز کردستان,5
استانی در غرب کشور,5
روستای معروف در شمال فرانسه,5
منطقه ای در هند,5
استانی درجنوب ژاپن,5
کشوری بین چین و روسیه,5
نام شهری در ترکیه,5
جنس بی کیفیت,5
کشوری در غرب آفریقا,5
شهری در پاکستان,5
از شهرستان های استان گیلان,5
پایتخت سوییس,5
شهری در ایالت کالیفرنیا,5
کشوری با نام شبیه یک میوه,5
پایتخت ایران,5
شهر چاغو,5
شهر مذهبی تهران,5
کشوری در شمال اروپا,5
شهری مذهبی در عراق,5
از توابع شاهین شهر,5
شهر خروس جنگی,5
نیمی از دنیا,5
همسایه ی مشترک عمان و یمن,5
کوچکترین کشور دنیا,5
روستای قره داشلی,5
شهر سوهان,5
کشوری که هند را استعمار کرد,5
استان چای ایران,5
شهری در جنوب هلند,5
جزیره ای در کنار قطب شمال,5
شهری که به خاطر پل معروف گلدن گیت و آلکاتاز معروف است,5
کشوری آفریقایی,5
ایالتی در آمریکا,5
پایتخت آن یک روز هفته است,5
شهری در فرانسه,5
بزگترین کشور جهان,5
از شهر های استان کرمان,5
پکشوری که برگ ترین بخش جنگل های آمازون را دارد,5
شهر مرکبات,5
شهر صنعتی آلمان,5
پایتخت اسپانیا,5
شهری در نزدیکی مونیخ,5
قدرتمند ترین کشور جهان,5
شهر سربداران,5
قاره‌ی سبز,5
کشوری که در آن جنگ است,5
شهر دیدنی فارس,5
شهر رستم,5
ثروتمند ترین کشور دنیا,5
یکی از شهر های بزرگ آلمان,5
روستایی در نطنز,5
همسایه ی کشور های المان و فرانسه,5
شهری در آمریکا که فیلم های سینمایی را در آنجا میسازند,5
پایتخت روسیه,5
شهر باران,5
یکی از شهرهای ایران,5
ایالتی در آمریکا با مرکزاسپرینگ فیلد,5
نام اسبق شهر اراک,5
نام قدیم بابلسر,5
کشور گل ها,5
از کشورهای آسیای شرقی,5
قدیمی ترین شهر جهان,5
بزرگترین کشور جهان,5
شهری که ارامگاه مولانا در ان قرار دارد,5
شهر مصر قدیم,5
شهری در استان اصفهان,5
واحد پول این کشور لک است,5
پایتخت یونان,5
پر جمعیت ترین کشور دنیا,5
نام قدیم شهر اهر,5
پایتخت آمریکا,5
شهری در ایتالیا به نام یک امپراطوری,5
قوری ترین کشور متحدین در جنگ جهانی دوم,5
کشوری بین کاناادا و مکزیک,5
نام قدیم این شهر اناس بوده است,5
ایالتی که برای سرخ پوستان است,5
شهر تاریخی ترکیه,5
از کشور های آسیایی,5
شهر زیتون,5
کشوری در شرق اروپا,5
رود راین در این کشور است,5
شرقی ترین کشور اسیا,5
نام قدیم شهر مشهد,5
پایتخت افغانستان,5
از کشورهای آمریکای جنوبی,5
از کشور های غربی,5
پایتخت مصر,5
شهر رازی,5
مرکز کشور چک,5
مقر پاپ,5
زادگاه عطار,5
کشور طرابلس,5
پایتخت ترکیه,5
شهری که برای خاطر تاج محل و بریانی شهرت دارد,5
بهشت جهانگردان,5
ایلاتی در آمریکا,5
کشور گل,5
کشوری در اقیانوسیه,5
شهری در استان‌کرمان,5
شهری در استان تهران,5
کشور بریتانیا,5
محل ورود نیرو های متفقین به اروپا,5
پایتخت کشور ترکیه,5
جزیره مرجانی,5
ایالتی در شرق آمریکا,5
محل برگزاری المپیک ۲۰۰۰ میلادی,5
شهری در کانادا,5
پایتخت لتونی,5
جزیره ای در ژاپن,5
پایتخت سآموا,5
از شهرهای ساحلی توریستی مازندران,5
شهری در مراکشی و نام فیلمی معروف,5
نام پایتخت ارمنستان,5
شهر بادخیر ایران در شمال,5
شهر معروف آمریکا,5
از جزایر ایرانی خلیج فارس,5
پایتخت ایتالیا,5
مرکز پرو,5
قهرمان جام جهانی 2014,5
از شهر های سیستان و بلوچستان,5
شهری در افغانستان,5
از کشور های استوایی,5
یکی از شهرهای مهم مجارستان,5
ده توریستی تهران,5
شهر تاریخی فرانسه,5
شهری معروف در ژاپن,5
شهری در ایتالیا,5
شهر خانه‌ی اپرا,5
شهر همیشه بیدار,5
پایتخت هلند,5
مرکز کشور گاوبازان,5
شهری در ایالت کنتاکی,5
شهری که به نصف جهان مشهور است,5
از ایالت های آرژانتین,5
شهر روی آب,5
پایتخت اتریش,5
شهری در مگزیک,5
پهناور ترین کشور دنیا,5
کسی که خمیر را به نان تبدیل می کند,6
ناجیان حادثه پلاسکو,6
خیابان ها را تمیز میکند,6
کارمند سفارت,6
نام فرانسوی پیشخدمت,6
با آرد و گندم ارتباط داره,6
متخصص امور فنی خودرو,6
کسی که نان می‌پزد,6
سخت ترین شغل دنیا,6
آموزش دهنده به دیگران,6
آرکئولوژی,6
کسی که با چوب کار میکند,6
سختترین محل کار,6
کسی که کارش رسیدگی به حساب های یک موسسه است,6
فاتح آسمان ها,6
نان میپزد,6
پارچه فروش,6
کار با چوب,6
عذا را او سرو میکند,6
مجری قانون,6
پارچه را میدوزد,6
شهر را تمیز میکند,6
از مشاغل مهم مربوط به بهداشت,6
سازنده خانه,6
شغل انبیا,6
سازنده برنامه های کامپیوتری,6
نام شغلی با محوریت پوست جانوران,6
کار او با ساز است,6
امانت فروشی,6
کسی که یه جنگ میرود,6
کاغذ فروش,6
فرشته سلامتی,6
شغل رایج دانشجوهای ایرانی بعد از فارغ التحصیلی,6
خباز,6
پر در آمد ترین شغل در اروپا,6
بیماران را درمان میکند,6
وردست شاطر نانوایی,6
شغل مرتبط با کامپیوتر,6
مطب دکتر را مدیریت میکند,6
یکی از خطرناک ترین شغل ها,6
خانه میسازد,6
فردی که در حوزه پزشکی کار می کند، اما پزشک نیست,6
یکی از پردرآمد ترین شغل ها,6
سازنده مجسمه,6
سخت ترین شغل جهان,6
سری اس دارد,7
شرکت ماشین سازی اروپایی,7
برند ماشین پریوس,7
شرکتی زیر مجموعه فولکس واگن,7
ماشین المانی,7
از شرکتهای خودرو ساز آلمانی,7
خودروساز ایرانی,7
از برند های محبوب ترک,7
برند ماشبن پراید,7
برندی شبیه علامت تیک,7
از شرکتهای خودرو ساز فرانسوی,7
شرکتی زیر مجموعه تویوتا,7
برند شعار قدرت، زیبایی و روح,7
برند لباس فاتح جام جهان,7
ماشین رایج دهه‌ی یی,7
پدر صنعت اتوموبیل,7
نوعی هیوندای,7
کارخانه خودروسازی آمریکایی,7
یکی از برند های ماشین ایرانی,7
اولین شرکت خودروساز جهان,7
برند خودروسازی فرانسوی,7
گران ترین خودرو جهان در سال ۱۹۷۲,7
برندی با چهار حلقه,7
ماشین مخصوص آفرود,7
سازنده ماشین های برقی,7
ماشین نظامی معروف آمریکا,7
خودرو ساز ژاپنی,7
خودرو محبوب در آمریکا,7
سازنده ی ماشین 206,7
لنسر از این خودرو ساز است,7
خودرو ساز آلمانی,7
خودروی ایرانی,7
شکلات سپاسگزار,7
یکی از کارخانه های نساجی ایران,7
اولین خودرو در جهان,7
خودرو خاطره ساز در ایران,7
پرفروش ترین خودروی ایرانی تا سال ۱۴۰۰,7
خودرو گران قیمت فرانسوی,7
برند خودرو که لوگوی آن مشابه نماد صلح است,7
از کارخانه های بزرگ خوراکی ایران,7
از برند های لاکچری,7
خودرو ساز آمریکایی,7
مارکی از خودروهای ژاپنی,7
از برند های محبوب کیف و چمدان,7
بی کیفیت ترین خودرو جهان,7
برند ایرانی خودرو,7
خودروی ژاپنی,7
سریع ترین خودرو جهان,7
یکی از برترین برندهای خودرو,7
برند لاکچری لوازم آرایش و عطر,7
هسته بزرگی دارد,8
سبز و زرد و سرخ است,8
میوه ای که همه فصول برداشت میشود,8
میوه لهیده و پر آب,8
میوه ای سبز رنگ و تابستانی,8
میوه ی تابستانی,8
میوه نارنجی رنگ,8
آدم و حوا از این میوه خوردند,8
میوه ای بهشتی,8
از میوه های درختی,8
توت تاجدار,8
میوه سبز بدون هسته,8
میوه سلامتی,8
میوه‌ی گران و محبوب,8
از میوه های استوایی,8
میوه ای با پوست سخت,8
یکی از مرکبات,8
میوه ای که از سین های سفره عید است,8
میوه ای زرد رنگ,8
میوه ای که نه هسته دارد نه دانه,8
از میوه های نارنجی رنگ,8
میوه نیوتن,8
از انواع خرما,8
میوه سرخ و زرد,8
میوه ای در سفره یلدا,8
میوه‌ی ساوه,8
میوه صد یاقوت,8
میوه ی پرزدار,8
میوه فصل زمستان,8
قوت جنگ,8
از میوه های تابستانی,8
یکی از مرکبات که مزه ترشی دارد,8
سنگین و آبدار,8
از میوه سفره هفت سین,8
میوه ای جالیزی,8
میوه ای تابستانی که مزه ترشی دارد,8
اژدهای میوه ها,8
میوه ای در مناطق سردسیری,8
ریشه خوراکی که در زیر زمین رشد میکند,8
میوه گیاه بیابانی,8
میوه ترش پاییزی,8
دانه بهشتی دارد,8
میوه معروف ایران,8
میوه ی مربا,8
میوه بهشتی,8
نام یک برند ترک است,8
میوه ای قرمز رنگ,8
از مرکبات,8
از میوه‌های گرمسیری و زردرنگ,8
از میوه های شب یلدا,8
میوه درخت نخل,8
میوه تابستانی,8
آخرین پادشاه قاجار,9
طولانی ترین سلسله ایرانی,9
نخستین سلسله ایرانی,9
اولین شاه پهلوی,9
موسس اشکانیان,9
اخرین سلسله,9
اخرین پادشاه صفویان,9
پادشاهی با 53 سال حکمرانی,9
پادشاهی که توسط عثمانی به کشته شد,9
امیر عربی خراسان,9
اخرین پادشاه ایران در کدام سلسله بود,9
از حکومت‌های مشهور ایران باستان,9
سمبل ایران باستان,9
پر افتخار ترین پادشاه ایران,9
چهارمین شاه قاجار,9
سلسله ای که باعث جدایی افغانستان از ایران شد,9
شاهی معروف به امین الرعیا,9
سلسله گریان,9
سلسله ای با یک پادشاه,9
آخرین پادشاه مشهور ایران باستان,9
حاکم ایرانی که به هند حمله کرد,9
سلسه ای بار ریشه ترک,9
پادشاهی که مجلس را به توپ بست,9
قدرتمندترین پادشاه ایران,9
پادشاه جانشین بردیا,9
حکومت بعد از افشاریه,9
آخرین پادشاه قبل از اسلام,9
اولین سلسله ای که تهران را پایتخت کرد,9
پادشاهی باستانی ایران,9
اخرین سلسله ایران قبل از قاجار,9
پس از ساسانیان به قدرت رسیدند,9
آخرین پادشاه سلسله قاجار,9
اولین پادشاه زندیان,9
موسس افشاریه,9
پادشاهی که مقبره اش در فارس قرار دارد,9
سلسله کوروش کبیر,9
رضا شاه از این گروه بود,9
سال 880 تا 1114,9
اولین حکومت ایران باستان,9
پادشاهی که به هند حمله کرد,9
پادشاه مقتدر هخامنشی,9
آخرین حکومت پیش از اسلام,9
آخرین حکومت پادشاهی ایران,9
سلسله حاکم بر ایران هنگام حمله اعراب,9
اخرین پادشاه ایران,9
سلسله ای که پایتختش شیراز بود,9
آخرین پادشاه ساسانی,9
اولین سلسله پادشاهی ایران بعد از هخامنشیان,9
آخرین پادشاه ایران,9
کورش از این سلسه است,9
سلسله ای که پایتختش اصفهان بود,9
فرمانروای گسترده ترین قلمرو ایران,9
بنیان گذار سلسله قاجار,9
از شاهان حکومت قاجار,9
بازیگر فیلم جانی گیتار,10
فیلم حسین دارابی,10
فیلمی که نام شخصیت اصلی آن فرودو ست,10
گارگردان بازی تاج و تخت,10
بازیگر فیلم ژرف آب,10
سازنده فیلم آرواره ها,10
بازیگر فیلم های کمدی,10
فیلم امبر هرد در ۲۰۲۲,10
کارگردان فیلم مهر مادری,10
فیلمی از ابراهیم شیبانی,10
اسم معتبر ترین جشنواره فیلم ایران,10
بازیگر فیلم درباره الی,10
بازیگر فیلم همسفر,10
پیانیست اثر اوست,10
ژآنر فیلمهای چارلی چاپلین,10
کارگردان فقید ایرانی,10
ژانری که در ان از طنز بسیار استفاده میشود,10
فیلم بهرام بهرامیان با بازی فاطمه معتمدآریا و فرهاد آئیش,10
فیلم میترا حجار,10
ادیسه فضایی اثر اوست,10
پرده سینما,10
حرکت دوربین بدون تغییر زاویه,10
نام بازیگر مرد فیلم دزدان دریایی کارائیب,10
فیلمی از حسن نجفی,10
فیلیم از حسین محجوب,10
فیلمی از استنلی کوبریک,10
فیلم اندی موشیاتی,10
فیلمی با بازی حمید گودرزی,10
کشتی بزرگ غرق شده,10
بازیگر سریال ستایش,10
انیماتور معروف ژاپنی,10
امبر هرد از لیست بازیگران آن خط خورد,10
کارگردان ژاپنی,10
کارگردان و تهیه کننده مطرح سینمای آمریکا با سری فیلم های «ایندیانا جونز» و آثاری چون «هوش مصنوعی»، «ای تی» و «نجات سرباز رایان»,10
اثر معروف کارگردان روسی,10
قهقه میزنی,10
فیلمی از فدریکو فلینی,10
کارگردان فیلم عصر پنجم,10
کارگردان فیلم بانی و کلاید,10
کمپانی فیلم سازی امریکایی,10
فیلمی از کیومرث پوراحمد با بازی محمدرضا فروتن، خسرو شکیبایی، مهرداد صدیقیان و الناز شاکردوست,10
نام فیلمی به معنی از دست رفته,10
نام میرزا بازیگر هندی,10
کارگردان ایرانی معروف با فیلم های با انتهای باز,10
فیلم مسعود کیمیایی,10
فیلمی با بازی نیکول کیدمن,10
فیلمی از رضا کریمی,10
فیلمی از استیون اسپیلبرگ,10
از آثار مسعود کیمیایی با حضور زنده یاد هادی اسلامی,10
ژانر فیلم های طنز,10
استاد ژانر وحشت آمریکا,10
تصاویر پشت سر هم,10
سیاهی لشکر فیلم‌ها,10
فیلمی از ناصر تقوایی,10
فیلمی از محمد عرب,10
کارگردان فیلم پدرخوانده,10
فیلمی از مجید قاری زاده,10
فیلم ایرانی برنده‌ی جایزه‌ی کن,10
کارگردان فیلم افسانه شادی ها,10
جانی دپ از ان کنار گذاشته شد,10
فیلم نادره ترکمانی,10
فیلم مسعود کرامتی,10
فیلم دمیان بیچر,10
بازیگر فیلم سیزده روز,10
فیلمی با بازی پل اسکافیلد,10
فیلمی با بازی جک نیکلسون,10
فیلم برتر جشنواره‌ ی فیلم فجر سال ۹۷,10
کارگردان فیلم طعم گیلاس,10
از فیلمهای ژآنر علمی تخیلی,10
یکی از محبوب ترین ژانر های فیلم,10
فیلمی از محمد بانکی,10
فیلمی از برادران‌ کوئن,10
برنده اسکار کارگردانی ۲۰۰۱,10
سریالی در دو سری از سعید سلطانی با بازی داریوش ارجمند، مهدی پاکدل و نرگس محمدی,10
فیلم معروف مسعود دهنمکی,10
فیلم نامه نویس,10
فیلم مسعود نوابی,10
محبوب ترین ژانر فیلم طبق امار,10
بازیگر زن فیلم ده رقمی,10
فیلمی از برایان دی پالما,10
معروف ترین اثر در ژانر ترسناک,10
فیلمی معروف از بنیسیو دل تورو,10
فیلمی با بازی دیکاپریو,10
کارگردان دام عشق,10
بازیگر فیلم سه درجه تب,10
فیلمی از کن لوچ,10
فیلمی از حسین محجوب,10
نوعی از کات,10
فیلمی از سعید روستایی با حضور شبنم مقدمی و ریما رامین فر در سال ۱۳۹۴,10
بالاترین جایزه سینما,10
فیلمی از محمدرضا اعلامی,10
ساخته محمدعلی سجادی در سال 76 با بازی آتنه فقیه نصیری، بهزاد فراهانی و مرحوم فیروز بهجت محمدی,10
کارگردان وایکینگ ها,10
اولی فیلم دارای اسکار ایرانی,10
از فیلمهای شاهکار مربوط به سرطان,10
فیلمی از الیور استون,10
فیلمی از تهمینه میلانی,10
سریال ایرانی به نام یک دختر,10
بازیگر مرد فیلم آن مرد آمد,10
فیلمی از مازیار میری,10
کارگردان آخرین پادشاهی,10
یکی از ژانرهای سینما,10
بزرگنمایی در سینما,10
فیلمی از امیر حسین صدیق,10
عنصری از جدول تناوبی,11
از هالوژن ها,11
طلای سفید,11
عنصر ردیف و ستون دوم جدول تناوبی,11
مواد آلی از آن ساخته شده اند,11
از عنصر تشکیل دهنده آب,11
عنصر با بیشترین تمایل واکنش,11
سنگین ترین عنصر ستونی از جدول تناوبی که پتاسیم در آن است,11
هنری کاوندیش این عنصر را کشف کرد,11
غیر فلزی که در کودها و آتش بازی ها استفاده می شود,11
از عناصر ستون اول جدول تناوبی,11
عنصری لازم برای استخوان ها,11
عنصری برای برقراری جریان در بدن,11
از عناصر انتهای جدول تناوبی,11
عنصری فلزی که معمولا در جواهرات استفاده می شود,11
نام فارسی اسید کلریدریک,11
دهمین عنصر جدول تناوبی,11
اولین عنصر جدول تناوبی,11
عنصری گازی که حدود 78 درصد جو زمین را تشکیل می دهد,11
عنصری که با آب واکنش شدید می‌دهد,11
یک عنصر فلزی که معمولا در آلیاژهای فولادی استفاده می شود,11
عنصر قالب ترکیب آب,11
عنصر استحکام بخش استخوان,11
بیشترین درصد هوا,11
معروف ترین عنصر رادیواکتیو,11
بی منت از خاک,11
عنصری غیر فلزی که در بادکنک ها استفاده می شود,11
فلز سفید مورد استفاده در آینه و ظروف,11
عنصری غیر فلزی که معمولاً در آب یافت می شود,11
از گاز های نجیب,11
عنصر قالب جو,11
از فلز های قلیایی خاکی,11
عنصر الماس,11
از فلزات قلیایی,11
دومین هالوژن جدول تناوبی,11
نافلز قرمز رنگ,11
شماره ردیف عنصر طلا در جدول تناوبی,11
فلزی سبک و بادوام مورد استفاده در بدنه هواپیما ها,11
عنصر تولد,11
فلزی که در لامپ های فلورسنت و لوله های اشعه ایکس استفاده می شود,11
عنصری مانند اورانیوم با کاربرد تولید بمب اتم,11
ماده اصلی بمب اتم,11
از فلزات گرانبها,11
اورانیوم به آن شکافت میابد,11
واکنش آهن با اکسیژن,11
عنصری نافلز از جدول تناوبی عناصر,11
یک عنصر غیر فلزی که معمولاً در نیمه هادی ها استفاده می شود,11
گاز سبک,11
از شبه فلزات,11
عنصر خواهر کربن,11
عنصر فلزی در جدول تناوبی,11
فلیز مایع,11
سومین گاز نجیب,11
بیشترین درصد زمین,11
از گازهای نجیب,11
سبک ترین عنصر,11
فلزی باستانی,11
ضدعفونی کننده اب,11
هالوژنی که در تولید مواد سفید کننده و ضدعفونی کننده استفاده می شود,11
سبک ترین عنصر جدول تناوبی,11
عنصری با عدد اتمی ۸۶,11
عنصر لازم برای سفیدی دندان,11
مولد الکتریسیته,11
فلزی در ساخت پنجره,11
عنصری از جدول تناوبی که 3 پروتون دارد,11
فلز مایع با کاربرد در فشار سنج,11
عنصر فلزی نرم ، سبک و نقره ای رنگ,11
اولین عنصر واسطه جدول تناوبی,11
رنگ آسمان,12
ترکیب رنگهای رنگین کمان,12
ترکیب سفید و صورتی,12
رنگ نشان دهنده ی خطر,12
ترکیب قرمز و آبی,12
رنگ لباس اصلی تیم ملی ایران,12
ترکیب همه رنگها,12
رنگ محبوب پسر ها,12
رنگ لوگوی یوتوب,12
رنگ چوب,12
رنگ کبود نیلی,12
ترکیب آبی و قرمز,12
بالاترین رنگ رنگین کمان,12
از رنگ های اصلی,12
رنگ محبوب دختر ها,12
رنگ دریای جنوب,12
رنگ حاصل از ترکیب ابی و قرمز,12
رنگ نماد آلودگی,12
سرخ,12
مخفف سیاه,12
سبز مایل به خاکستری,12
مشکی,12
رنگ آجر,12
یکی از رنگ های اصلی,12
رنگ معمول لباس های دخترانه,12
ترکیب زرد و آبی,12
سفید نیست,12
ترکیب سفید و قرمز,12
رنگ آسمان غروب,12
آسمان به آن رنگ است,12
از رنگ های جیغ,12
رنگ سبز مایل به زرد,12
ترکیب آبی و زرد,12
نخودی رنگ,12
زمین در روزهای برفی به آن رنگ می‌شود,12
از رنگ های گرم,12
رنگ دریا,12
رنگی که زمانی که چشممان را میبندیم میبینیم,12
نوعی رنگ بنفش,12
رنگ پاییز,12
رنگ چمن,12
قرمز کمرنگ,12
یکی از رنگ های ملایم,12
رنگ خون,12
ترکیب زرد و سبز,12
من و او,13
ضمیر اول شخص جمع,13
ضمیری بین من و او,13
نام دیگر آنها,13
ضمیر غایب,13
ضمیر اشاره,13
هو به فارسی,13
ضمیر مفعولی,13
ضمیر سوم شخص جمع,13
شما و من,13
سوم شخص مفرد,13
ضمیر اول شخص مفرد,13
من و تو,13
ضمیری مفرد,13
یکی از ضمایر جمع,13
ضمیر سوم شخص مفرد,13
ضمیر دوم شخص مفرد,13
حرفی که برای مالکیت اول شخص مفرد استفاده می‌شود,13
ضمیر دوم شخض جمع,13
انت به فارسی,13
موادبانه تو,13
ضمیر شخص ثالث,13
یه گروه در آنجا,13
من به علاوه تو,13
ضمیر دوم شخص جمع,13
مخاطب قرار دادن در فارسی,13
کوتاه ترین سوره قرآن,14
اولین سوره قران,14
اولین سوره قرآن است,14
اسم پسر,14
سوره قران به معنی گاو ماده,14
بلند ترین سوره ی قرآن,14
سوره ای با نام یک بانو,14
سوره ۳ حرفی,14
سوره ای با نام یک حیوان,14
سوره زنان,14
سوره ۷۳ قرآن کریم,14
نام طولانی ترین سوره قرآن,14
نام کوتاه ترین سوره قرآن,14
سوره ای بدون بسم الله,14
قلب قران,14
طولانی‌ترین سوره‌ی قرآن,14
سوره قلب قران کریم,14
سوره قران به نام اسمی دخترانه,14
عروس قران,14
طولانی ترین سوره قرآن,14
سوره ی اول قرآن,14
سوره‌ ای به نام گاو ماده,14
سوره‌ای از قرآن که نام یک شهر ایران هم هست,14
معروف ترین سوره قرآن,14
سوره ای نازل شده در مکه,14
سوره ای با دو بسم الله,14
فاتحه الکتاب,14
سوره‌ای که نام یک حیوان است,14
کوتاه ترین سوره قران,14
کوتاه ترین سوره,14
سوره ۵ قرآن کریم,14
سوره قلب قرآن‌ کریم,14
تعداد آیات سوره حمزه,14
سوره ای به نام زنبور عسل,14
سوره ای برای افطار,14
سوره ی آخر قرآن,14
اولین سوره جزئ سی,14
سوره ای به نام یک حیوان,14
بلند ترین سوره قران,14
از پیامبران بنی اسرائیل,15
پیامبر نجات یافته از آتش,15
پیامبری با معجزه ی شکافتن رود نیل,15
پیامبر قوم هود,15
پیامبری که مقبره اش در ایران است,15
از پیامبران العظم,15
اولین پیامبر اولو العزم,15
زنده کننده مردگان,15
بسیار زیبا بود,15
آخرین پیامبر,15
پیامبری با عمر طولانی,15
فرزند داوود نبی (ع),15
نام پیامبر آخر,15
حضرت عیسی (ع),15
پیامبر اسلام,15
پیامبری که در شکم نهنگ رفت,15
اخرین پیامبر,15
پیامبر بت شکن,15
ادیان خاورمیانه با نام او شناخته میشوند,15
پیامبری با عصا,15
صاحب کلبه احزان,15
اولین پیامبر,15
پیامبر بلیعیده شده توسط نهنگ,15
نام پیامبری که زبان حیوانات را میدانست,15
پیامبری در شکم ماهی,15
خاتم پیامبران,15
پیامبری صبور,15
نام اخرین پیامبر,15
پیامبری که عزیز مصر شد,15
مسیح از نسل اوست,15
پیامبر ایران باستان,15
پیامبری که در گهواره سخن گفت,15
پیامبر دین مسیحیت,15
حاصب ید بیضا,15
پیامبری زیبا,15
پیامبر یهود,15
نام پیامبری که کشتی ساخت,15
پیامبر زنده,15
پیامبر قوم ثمود,15
از پیامبران دارای کتاب,15
عزیز مصر,15
پیامبری که به ته چاه افتاد,15
از پیامبران اولوالعزم,15
اولین پیامبر صاحب شریعت,15
پیامبر مسیحیان,15
پیامبری با صبر زیاد,15
پدر علم ژنتیک,16
مخترع اولین کامپیوتر شخصی,16
فیزیکدانی که نظریه نیروی الکترومغناطیسی را به وجود آورد,16
فیزیک دان زن معروف,16
شیمیدانی که عنصر رودیوم را کشف کرد,16
مبدع بسکتبال,16
شیمیدانی که عنصر کبالت را کشف کرد,16
ریاضی دانی که نظریه بازی ها را ارائه داد,16
کاشف الکل,16
شیمیدانی که عنصر سریم را کشف کرد,16
کاشف‌ میکروب سل,16
کاشف تلسکوپ,16
فیزیکدان هفت تیرکش,16
ریاضیدانی که نظریه هندسه جبری را توسعه داد,16
ریاضیدانی که نظریه احتمالات را به وجود آورد,16
شیمیدانی که عنصر ایریدیوم را کشف کرد,16
فیزیکدانی که نظریه مکانیک کوانتومی را ارائه داد,16
بنیانگذار فیزیک نوین,16
فیزیکدانی که اصل بقای انرژی را کشف کرد,16
زیست‌شناسی که نظریه تکامل با انتخاب طبیعی را ارائه داد,16
بنیان گذار الکترودینامیک,16
بخاطر اعلام گردی زمین دستگیر شد,16
ریاضیدانی که نظریه اعداد جبری را توسعه داد,16
ریاضیدانی که نظریه گراف را به وجود آورد,16
ستاره‌شناسی که سیاره اورانوس را کشف کرد,16
نام دانشمندی که الکل را کشف کرد,16
مخترع کامپیوتر,16
فیلسوف فرانسوی,16
کاشف دینامیت,16
مخترع دماسنج,16
مخترع اسکاتلندی لگاریتم,16
گل سر سبد جامعه روشنفکری فرانسه پس از سارتر,16
مخترع شبکه های عصبی,16
مخترع هواپیما,16
کاشف نوترون,16
شیمیدانی که عنصر اسید سولفوریک را کشف کرد,16
فیزیکدانی که نظریه میدان کوانتومی را به وحود آورد,16
مخترع برق متناوب,16
ریاضیدانی که نظریه معادلات دیفرانسیل را توسعه داد,16
بنیانگذار علم طبقه بندی در زیشت شناسی,16
کاشف جاذبه,16
بنیانگذار رشته نوروبیولوژی,16
پدر اینترنت,16
پدر علم هندسه,16
مخترع بازی های کامپیوتری,16
پدر علم فیزیک ایران,16
فیزیکدانی که نظریه نسبیت را به وجود آورد,16
مخترع بمب اتم,16
مخترع تلفن,16
شیمیدانی که قانون تناوبی را کشف کرد,16
کاسف قانون جاذبه,16
پدر علم شیمی,16
کاشف پروتون,16
فیزیکدانی که نظریه گرانش کوانتومی را به وجود آورد,16
اولین مخترع شارژ وایرلس,16
ریاضیدانی که نظریه اعداد مختلط را به وجود آورد,16
منتقد معروف فیزیک کوانتوم,16
کاشف واکسن,16
کاشف‌ میکروب طاعون,16
دانشمندی که الکترون را کشف کرد,16
کاشف قانون شناوری,16
فیزیکدانی که اولین بار نظریه شکافت هسته ای را ارائه کرد,16
نویسنده شفا و قانون,16
پدر علم کامپیوتر,16
طیف نور را کشف کرد,16
کاشف اتم,16
صاحب نظریه ی نسبيت,16
فیزیکدان آلمانی که واحد بسامد به نام اوست,16
نظریه نسبیت از کدام داشمند است,16
کاشف آمریکا,16
مخترع دستگاه اشعه ایکس,16
مرکز بودن خورشید را کشف کرد,16
فیزیکدان ایتالیایی,16
کاشف پنی‌ سیلین,16
فیزیکدانی که نظریه Big Bang را به وجود آورد,16
پدر فیزیک ایران,16
مخترع اولین کامپایلر کامپیوتر,16
دانشمند معروف زن,16
اصل عدم قطعیت از اوست,16
مخترع برق,16
واژه الگوریتم از نام این دانشمند است,16
روانشناس معروف اتریشی,16
مخترع گوشی های همراه,16
فیلسوف یونانی,16
نظریه نسبیت را گسترش داد,16
شیمیدانی که عنصر پالادیوم را کشف کرد,16
از شاعران ایرانی,16
نظریه اطلاعات را بنیان نهاد,16
کاشف موتور برق,16
فیزیکدان مسلمان قرن پنجم,16
پدر علم نجوم,16
الکل را کشف کرد,16
نام دانشمندی که جاذبه را کشف کرد,16
شاعر ریاضی دان و فیلسوف ایرانی,16
کاشف عنصر سدیم,16
فیزیکدانی که اصل بقای تکانه زاویه ای را کشف کرد,16
گالیله از او بسیار الهام گرفت,16
کاشف گرد بودن زمین,16
شیمیدانی که ساختار DNA را کشف کرد,16
شیمیدانی که عنصر کروم را کشف کرد,16
شیمیدانی که مفهوم پیوند شیمیایی را به وجود آورد,16
زیست شناس که فرآیند فتوسنتز را کشف کرد,16
مخترع لامپ,16
شیمیدانی که عنصر تیتانیوم را کشف کرد,16
دانشمند معروف قرن ۲۰,16
فیلسوف و ریاضیدان قرن ۱۸,16
فیزیکدان آلمانی,16
زنی شیمیدان که عنصر رادیوم را کشف کرد,16
مخترع صندلی برقی,16
کاشف نسبیت,16
صاحب ماشین بخار,16
شیمیدانی که عنصر لیتیوم را کشف کرد,16
خوشحالی,17
برعکس تنبل,17
مترادف زیبا,17
برعکس باهوش,17
بزدل,17
خشک مزاج,17
به پرخور گویند,17
یاری دهنده,17
انسان بدون فکر,17
آینده نگر,17
برعکس نادان,17
کسی که عذرخواهی نمیکند,17
کمیاب,17
تیره,17
خوشرو,17
به ادم ابله گویند,17
کسی که بسیار حرف میزند,17
خیالباف,17
صفتی که برای افراد نادان استفاده میشود,17
دلیری,17
زیبا و نیکو و ظریف,17
شاگرد اول,17
زیرکی,17
قوی جثه,17
صفت شخصیت های آرام و منزوی,17
برعکس تاریک,17
حرف دیگران را قبول نمیکند,17
خوش طبعی,17
بی باک,17
کسی که پول بسیار دارد,17
صفتی که ظاهری را توصیف می کند,17
شخص دارای غرور زیاد,17
بی تجربه,17
فرد کاردان,17
مترادف سریع,17
شخصی که دعوا میکند,17
دارای قدرت زیاد,17
بلند قامت,17
پاکی,17
کاپیتان اسبق تیم ملی والیبال ایران,18
پر افتخار ترین فوتبالیست دنیا در جام جهانی,18
تنیسور سوئیسی,18
دروازه بان ایران,18
کشتی گیر ایرانی که ارامگاهش در ری است,18
فوتبالیست گلزن بازنشسته انگلیسی,18
صاحب بیشترین توپ طلا,18
دروازه بان مشهور ایتالیا,18
بازیکنی که در فینال ۲۰۱۸ جام جهانی گل زد,18
سریع ترین بازیکن,18
آقای گل,18
آقای گل جهان,18
مرد سال فوتبال جهان در ۱۹۹۹,18
نام برترین ورزشکار در جام جهامی 2022,18
گونه ای از ورزش فوتبال,18
بوکسور معروف محمد نام,18
معروف ترین کشتی گیر ایرانی,18
یکی از فوتبالیست های معروف,18
نام مایر گلر سابق آلمانی,18
بوکسور مسلمان,18
اسطوره فوتبال ایران,18
آقای گل سابق,18
جادوگر فوتبال ایران,18
طلای سیاه فوتبال,18
پاسور تیم ملی والیبال ایران,18
فوتبالیست مسلمان فرانسوی با لقب زیزو,18
تنیسور معروف سوئیسی,18
بازیکن اسبق تیم لیکرز با 5 قهرمانی,18
ستاره ی جوان پاری سن ژرمن,18
دفاع سپاهان در لیگ ۲۱,18
از لژیونر های فوتبال ایران,18
کشتی‌گیر معروف ایرانی,18
بازیکن جدید تیم النصر عربستان,18
معروفترین تنیسور جهان,18
بازیکنی که بیشترین برد های فرمول 1 را دارد,18
گل نزن ایران,18
آقای گل جهان سال یییی,18
بهترین بسکتبالیست جهان,18
آقای گل جام جهانی,18
سریع ترین دونده جهان,18
گلزن سابق آرسنال,18
از والیبالیست های ایرانی,18
پر افتخار ترین تیم فوتبال جهان,18
مربی طلایی بارسلونا,18
فوتبالیست پرتغالی معروف,18
از بازیکن های اسبق و نامدار یوونتوس,18
از بهترین فوتبالیست ها که اصلیت ارژانتینی دارد,18
از تیم های اسپانیایی,19
تیم فوتبالی که رونالدو در حاضر در ان است,19
پرافتخارترین تیم لیگ برتر انگلستان,19
شیاطین سرخ,19
از تیم های فوتبال آلمان,19
باشگاه فوتبال اسپانیایی,19
از باشگاه های فوتبال آرژانتین,19
قهرمان بدون شکست در لیگ برتر انگلستان,19
یکی از محبوب ترین تیم فوتبال جهان,19
تیم قرمز پوش مشهور ایران,19
قهرمان پیشین لیگ برتر,19
باشگاه فوتبال عربستانی,19
تیم فوتبال برزیلی,19
زادگاه کنگفو,19
یکی از طرفین دربی,19
سرمربی اسبق باشگاه اینترمیلان,19
باشگاه فوتبال فرانسوی,19
قهرمان امسال جام جهانی,19
از باشگاه های فوتبال امارات,19
تیم انگلیسی با سابقه قهرمانی در لیگ قهرمانان اروپا,19
تیم سابق مسی,19
تیم گورخر ها,19
تیمی به نام ماه,19
تیم فوتبال همنام تخت جمشید,19
تیم فوتبالی که مسی در حال حاضر در ان است,19
برنده جام جهانی قطر,19
اولین تیم لیونل مسی در اروپا,19
قهرمان تیم های باب,19
پر افتخار ترین تیم باشگاهی فوتبال آسیا,19
نیمار را دارد,19
تیم فعلی رونالدو,19
نام دیگر تیم فوتبال آرسنال,19
باشگاه شهر میلان,19
یکی از دو تیم برگزار کننده ی افتتاحیه جام ملت های اروپا ۲۰۱۶,19
تیم فعلی طارمی,19
صاحب جدید رونالدو,19
تیمی که ترکیب دو عدد است,19
قهرمان جام جهانی,19
زادگاه سامورایی ها,19
تیمی با نام یک ماشین کشاورزی,19
شیرینی ترکیه,20
نوع سمی آن کوهی است,20
افزودنی قرمز,20
نوزادان فقط می‌توانند آن را بخورند,20
مهم ترین ماده غذایی هر غذا,20
ادویه شور کننده,20
ماده غذایی شیرین,20
برای سرخ کردن,20
غذای سنتی رشت,20
آرد مخصوص ماکارونی,20
شیرینی تولد,20
شیرینی لاستیکی,20
ماده شور کننده غذا,20
شکلات را با آن میسازند,20
خوردنی شیرین صبحانه,20
ماده ی غذایی گیاهی که آهن فراوان دارد,20
سس زرد,20
از مواد غذایی محبوب در شمال ایران,20
در تهیه کیک به کار میرود,20
قاتلش گریان است,20
افراد  گیاهخوار آن را نمی‌خوردند,20
ماده غذایی که کلسیم زیادی دارد,20
سوغات اصفهان,20
تند و تیز,20
غذای سنتی اصفهان,20
شیرینی تبریز,20
چاشنی غذا,20
یکی از مواد غذایی که از شیر تهیه میشود,20
یکی از مواد غذایی در فست فود,20
ادویه ای از دریا,20
روی سالاد می‌ریزند,20
سبزی سالاد,20
ادویه تند کننده,20
نوعی سس,20
ماهی کنسرو,20
غذا قرمز کن,20
از لبنیات مفید,20
طمع غذا ها را تعیین میکند,20
محصول کشاورزی اصلی آمریکا,20
یکی از مواد غذایی تند که کاربرد زیادی در غذا ها دارد,20
از گوشت و مرغ درست میشود,20
نویسنده ی بینوایان,21
شاعر حماسی پارسی زبان,21
نویسنده یک عاشقانه آرام,21
از شاعران برجسته معاصر,21
نویسنده ی بابا لنگ دراز,21
جنگ و صلح اثر اوست,21
همسایه نیما یوشیج,21
با کتابش در شب یلدا فال می‌گیریم,21
نویسنده آینه های ناگهان,21
نویسنده چشم هایش,21
پدر شعر نو ایران,21
نویسنده کتاب تقلای من,21
مرد نکونام,21
نویسنده قرن 3,21
شاعر یونانی,21
خالق اثر هملت,21
نویسنده ی ژانر ترسناک,21
لسان الغیب,21
نویسنده‌ و فیلسوف فرانسوی,21
غزل سرای شیرازی,21
فیلسوف و شاعر آلمانی,21
شاعر شیلیایی,21
نویسنده هندی,21
خالق ژانوالژان,21
شاعر خانم ایرانی,21
شاعر خیمه دوز,21
نویسنده شاهنامه,21
نویسنده کتاب دون کیشت,21
از شاعران معاصر ایران,21
مرده بود و زنده شد,21
برنده جایزه نوبل سال 1982 ادبیات,21
شاعر قرن 8,21
معروف ب ه.ا.سایه,21
پدر شعرفارسی,21
نویسنده الهی نامه,21
پدر علم تاریخ,21
نویسنده‌ی بینوایان,21
لقب بابا طاهر,21
صاحب گلستان و بوستان,21
سفرنامه‌نویس معروف ایرانی,21
نویسنده نابینا,21
خالق 1984,21
نویسنده زنان کوچک,21
آرزوهایش بزرگ بود,21
نویسنده کتاب غورباقه ات را قورت بده,21
نام نویسنده شاهنامه,21
نویسنده کتاب بینوایان,21
پدر غزل فارسی,21
نویسنده کتاب لغتنامه,21
پدر فلسفه جدید,21
پدر اگزیستانسیالیسم,21
شاعر زن معاصر ایرانی,21
نام شاعری که پدرش سردبیر روزنامه بهار بود,21
اهل گنجه است,21
نویسنده جتگ و صلح,21
اختر چرخ فلک,21
شاعر ایرانی که در قرن پنجم می زیست,21
نویسنده ی قلعه ی حیوانات,21
پدر شعر نو,21
نویسنده ی کتاب طاعون,21
عجم زنده کردم بدین پارسی,21
نویسنده بوستان,21
از شعرای معروف زن,21
نمایشنامه نویس اروپایی,21
شاعر معاصر با لقب سایه,21
نویسنده هفت پیکر,21
نویسنده من پیش از تو,21
کمدی الهی اثر اوست,21
نویسنده بوف کور,21
نویسنده معروف روسی,21
پدر داستان نویسی ایران,21
نامی بدون نقطه,22
نام فارسی دختر به معنای مثل ماه,22
نام دختر به معنای نورانی,22
نام پسر فراوان,22
نام دختر به معنای دوستداشتنی و محبوب,22
پسر رستم,22
از اسامی محبوب پسر در ایران,22
اسم دخترانه فارسی به معنای مقاوم و قوی,22
از اسامی مذهبی دخترانه,22
نام ترکی دختر به معنای مثل ماه,22
اسم به معنی صاحب تخت و تاج آسمانی,22
اسم بزرگ ترین پادشاه هخامنشیان,22
رخش دارد,22
اسم دخترانه و شخصیت اصلی هزار و یک شب,22
نام دختر که نام یک گل است,22
نام پسر در شاهنامه,22
شکل فارسی نام علی,22
نامی مشترک بین دختر و پسر,22
فرزند زال,22
یکی از اسم های دو بخشی,22
اسم پسرانه فارسی که نام یکی از خدایان بوده است,22
نام دختر فراوان,22
نام پسر به معنای بسیار سجده کننده,22
نام پسر به معنای امانتدار,22
نام پسر که در شاهنامه آمده,22
کمان دار معروف ایرانی,22
نام پسر به معنای تنها,22
یار ایرانی پیامبر (ص),22
اسم یکی از برادران یوسف پیامبر,22
اسم پسر کوروش کبیر,22
پهلوانی در شاهنامه,22
نام پسر به معنای راستگو,22
گل قرمز,23
گلی که نماد دوستی است,23
ارکیده سفید,23
نوعی گل آپارتمانی,23
درخت همیشه سبز,23
گیاه بوریا,23
درخت زبان گنجشک,23
روغن گلی برای سرماخوردگی در تب سنتی,23
گلی که تخمه آن را میخوریم,23
تخمه دارد,23
درختی که پس از یی سال میوه می‌دهد,23
گل خوشبو,23
گلی که سفید است و شب ها بوی خوبی دارد,23
گلی خوشبو بهاری,23
گل مراسم ختم,23
گلی که گونه افریقایی دارد,23
گیاه آپارتمانی محبوب,23
درختچه آپارتمانی,23
گلی آبزی و خاکی,23
گیاهی در بیابان,23
درخت انگور,23
یک درخت با میوه قرمز,23
گلی با نام یک اقیانوس,23
نوعی سرو,23
گلی زینتی,23
گلی خوشبو,23
نوعی گل سفید و کوچک,23
گل تخمه دار,23
گل نشانه عشق,23
از درختانی که همیشه سبز است,23
از گل های زینتی و خوش بو,23
درختی که در هوای گرم و مرطوب رشد می‌کند,23
برای توصیف قد بلند به این درخت اشاره میشود,23
گیاه تالاب,23
نوعی گل با رایحه خاص,23
گیاهی دارای ژل با خواص متعدد,23
سنبل کوهی,23
گل نومیدی,23
اسم دخترونه,23
گل نماد شهدا,23
گل زرد,23
گیاه پیچنده,23
گیاهی زینتی,23
ماده برگ توتون,23
درخت تنومند,23
بزرگترین سازه ی تاریخی مصر,24
بزرگ ترین دریاچه آب شیرین جهان,24
محل بعثت پیامبر,24
جزیره توریستی در ایران,24
اثر تاریخی بجنورد,24
بلند ترین برج جهان,24
آبشاری معروف در هند,24
رشته کوهی در غرب آسیا,24
مقبره سعدی,24
بنایی تاریخی در نزدیکی شوش,24
تپه‌ای باستانی در کاشان مربوط به ماقبل از تاریخ,24
کلیسای تاریخی پاریس,24
معروفترین موزه جهان,24
داخل پاریس,24
بلند ترین قله ایران,24
مدرسه قدیمی بیرجند,24
یکی از قله های ایران,24
تنگه زیبای دهلران,24
بلند ترین قله آتش فشان آسیا,24
آرامگاه کوروش بزرگ,24
مشهور ترین بنای تاریخی هند,24
بزرگ ترین جزیره جنوب ایران,24
ثلاثه آن در کشور مصر است,24
مرتفع ترین کوه,24
آبشاری معروف در نروژ,24
شکاف دو کوه,24
رودخانه ای معروف در خوزستان,24
بیابانی در مغولستان,24
محلی زیارتی در مشهد,24
آبشاری در لرستان,24
دشتی در ایران,24
بلندترین قله ایران,24
جنگل داخل آفریقا,24
کوهی در ترکیه,24
رودی در عراق,24
طولانی ترین رود ایران,24
پل معلق در سانفرانسیسکو,24
سواحل جنوبی ایران,24
کوهی در نپال,24
آبشاری در آمریکای شمالی,24
دریاچه‌ای در ترکیه,24
دریاچه ای در شمال غربی ایران,24
محل قتل امیرکبیر,24
بلند ترین آبشار جهان,24
دریاچه دیدنی مریوان,24
رودی در انگلستان,24
رودی در روسیه,24
کانالی در مصر,24
اثر باستانی یزد,24
تپه مشهور باستانی,24
کوهی در شمال ایران,24
برجی در تهران,24
موزه معروف فرانسه,24
بلندترین قله زاگرس,24
از مکان های دیدنی اصفهان,24
بزرگترین دریاچه ایران,24
از جاهای تاریخی کرمان,24
پلی در اصفهان,24
کوهی مشهور در ژاپن,24
پلی در کالیفرنیا,24
سد تاریخی بیرجند,24
اثر دیدنی شیراز,24
رشته کوهی در ایتالیا,24
برج معروف پاریس,24
بزرگ ترین آبشار جهان,24
از جاذبه های شیراز,24
برج فرانسه,24
بلند ترین قله آفریقا,24
کوه آمریکا,24
رود گذرا از اصفهان,24
آتشفشانی در سیستان و بلوچستان,24
بلندترین قله ایران بعد از دماوند,24
از جاذبه های دیدنی شیراز,24
غاری معروف در استان مرکزی,24
رشته کوهی در خراسان,24
بلند ترین کوه ژاپن,24
رودی در ترکمنستان,24
رودی مرزی ایران,24
پایتخت شیلی,24
رشته کوه های معروف در اروپا,24
مکانی گردشگری در شیراز,24
رود مرزی ایران,24
رود پر آب فارس,24
از جاذبه های اصفهان,24
رودی در فرانسه,24
از مکان های دیدنی کاشان,24
یکی از مهمترین اعضا بدن,25
آن را کوتاه میکنیم,25
بخشی از پوشش بدن که مثل مو رشد می کند,25
جوی خون,25
عضوی در صورت,25
وظیفه آن دیدن است,25
انگشت بزرگ پا,25
رگ خون رسان قلب,25
پنج عدد در هر دست,25
ریه,25
عضوی نزدیک روده که در بعضی افراد میترکد,25
عضوی در بدن که مسئول بینایی است,25
عضوی بی استفاده در دستگاه گورش,25
دندان های نیش,25
استخوانی که به هیچ جا متصل نیست,25
از اندام های تنفسی,25
ستون بدن,25
عضوی در بدن که خون را پمپاژ می کند,25
از اندام های حرکتی,25
کیسه ای زیر کبد,25
عضوی از بدن که سموم بدن را جمع آوری میکند,25
قسمتی از پا,25
جزیره ای در بدن,25
لوله گوارشی,25
عضوی برای دیدن,25
اندام سم زدایی بدن,25
بالای چشم است,25
عضوی از اعضا بدن برای شنیدن,25
از قسمت های چشم,25
بلند ترین عضله مربوط به کدام عضو هست,25
عضو شنوایی,25
عضوی که خون را پمپ می‌کند,25
عضوی که در گوارش نقش دارد,25
سقف دهان,25
استخوان بالای زانو,25
پمپ کننده خون در بدن,25
تسویه خون,25
مجرای بلع غذا,25
لایه محافظ دندان,26
بیماری کم خونی,26
انعقاد خون در رگ ها,26
مجموعه نشانه های بدنی و ذهنی بیماری,26
پرده داخلی مغز,26
مجرای گوش میانی و حلق,26
بیماری ای که باعث لرزش دست میشود,26
جوش چرکی,26
ناهنجاری کروموزومی,26
بیماری ناشی از رشد غیرعادی سلول ها,26
مرضی که بیمار آب بسیار خواهد,26
تب ناشی از بیماری سل,26
یکی از عوارض انفارکتوس عضله قلب,26
بیماری ریوی,26
نام اتاق مراقبت های ویژه در اصطلاح پزشکی,26
 قشر میانی عضلانی جدار قلب,26
ورم عفونی لثه,26
بیماری نرمی استخان,26
بیماری خطرناک,26
از بیماری های خونی,26
وارد شدن تودهٔ خارجی به درون جریان خون,26
دریچه قلب,26
در پزشکی به کاهش هوشیاری گویند,26
حالتی مخصوص زن باردار,26
اختلالی در روان شناسی,26
مایع دارویی که برای پیشگیری بیماری به بدن تزریق می‌شود,26
قند خون,26
دوره نهفته بیماری,26
از رگ های مهم,26
تیروئید متورم,26
بیماری تنگی نفس,26
بیماری کمبود آهن,26
فوریت پزشکی,26
توهم خطرنام در روانشناسی,26
بیماری ثروتمندان,26
آبله‌ای که در اثر سوختن روی پوست می‌زند,26
بیماری pd,26
از انگل های گوارشی,26
گلبول سفید خون,26
باکتری‌های مولپ تب مواج,26
مایع شفاف که فضای بین قرنیه و زجاجیه را پر می‌کند,26
مجرای فرعی روده کور,26
بیماری که در اثر رشد غیر عادی سلول ایجاد میشود,26
آنزیم معده,26
از اعضای تنفسی,26
یکی از عیوب انکساری چشم,26
ایست قلبی,26
سر درد,26
ترک خفیف استخوان,26
ویتامین انعقاد خون,26
بهره هوشی,26
مرگ خاموش,26
معالجه تکلم,26
بیماری زردی,26
محل تقاطع اعصاب بینایی,26
کاراموز پزشکی,26
بیماری ایی بشدت واگیر,26
بیماری که نیاز به قرنطینه دارد,26
گیره و انبر پزشکی,26
مایع درون بدن,26
تنظیم کننده قند خون,26
صرصام و مرض غش,26
بیماری شیرین,26
خون از آن می‌گذزد,26
ثبت ضربان قلب,26
معاینه پزشکی,26
برای درمان بیماری ها میخورند,26
مرگ سلولی برنامه ریزی شده,26
بیماری ای که منجر به تشنج می‌شود,26
رمان یان فلمینگ,27
از آثار معروف بزرگ علوی,27
از آثار معروف داوینچی,27
اثر آریستوفان,27
اثر جووانی بوکاچیو,27
از تابلوهای ونگوگ,27
لبخند ژکوند,27
نوشته دهخدا,27
کتاب فردوسی,27
مجموعه شهر سهراب سپهری,27
اثر داستایوسکی,27
کتاب دکتر شریعتی,27
کتابی که یکی از شخصیت های آن کوزت است,27
موزیسین ناشنوا,27
از آثار معروف فروغ فرخزاد,27
اثری از مرحوم هوشنگ ابتهاج,27
یکی از کتاب های گابریل گارسیا مارکز,27
تابلوی لئونارد داوینچی,27
اثری از جلال‌الدین محمد بلخی,27
از کتاب های خواجه عبدالله انصاری,27
تابلو معروف داوینچی,27
اثری که در موزه لوور نگهداری میشود,27
یکی از آثار سعدی,27
اثری از ابوالفضل زروئی نصر آباد,27
تابلویی از میکل آنژ,27
از آثار اخوان ثالث,27
اثری از نیما یوشیج,27
از اثرهای معروف خواجوی کرمانی,27
از اثرهای معروف بزرگ علوی,27
از آثار ابوریحان بیرونی,27
نقاش شام اخر,27
از آثار وشحی بافقی,27
اثر محمود عنبرانی,27
نقاشی معروف موزه‌ی لوور,27
اثر سیمین دانشور,27
از آثار امیرخسرو دهلوی,27
کتاب جک لندن,27
مشهور ترین اثر شکسپیر,27
اثری از طبیب اصفهانی,27
اثری از ویکتور هوگو,27
اثر جیمز ایجی,27
از اثرهای معروف سهراب سپهری,27
نقاشی که پس از مرگ شهرت یافت,27
اثری هنری از داوینچی,27
کتابی به صورت نثر آمیخته به نظم,27
اثری از فخر الدین عراقی,27
از آثار فروغ فرخزاد,27
تابلوی فرشچیان,27
کتابی از چاک پالانیک,27
اثری از ژان پل سارتر,27
اثری از جلال آل احمد,27
رمان کی. دیک,27
شاهکار فردوسی,27
تابلوی ادوارد مانه,27
اثر کافگا,27
کتاب لیلا سلیمانی,27
از اثرهای معروف اهلی شبرازی,27
اثری از شکسپیر,27
اثری از نسرین قدیری,27
از آثار خواجه عبدالله انصاری,27
از آثار ناصر خسرو,27
تابلو پابلو پیکاسو,27
رمانی از فهیمه رحیمی,27
از آثار مولوی,27
سخت ترین زبان دنیا,28
مادر زبان های اروپایی,28
پر صحبت ترین زبان,28
فارسی قدیم,28
زبانی فعلی مردم کشور مصر,28
مردم ارمنستان به آن زبان صحبت می‌کنند,28
پر استفاده ترین زبان دنیا,28
منشا زبان انگلیسی,28
زبان کشور پاکستان,28
یکی از زبان های چینی,28
زبان تعدادی از کشورهای حوزه‌ی خلیج فارس,28
گویش در شمال ایران,28
یکی از زبان های مهم و پرکاربرد,28
زبان باستانی ایران,28
زبان بین المللی,28
زبانی رایج در ایران,28
زبان رسمی بلژیک,28
زبان یکی از اقوام ایرانی,28
زبان رایج در غرب ایران,28
بین المللی,28
زبان مشترک در ایران و آذربایجان,28
زبانی بهترین شعر ها را دارد,28
به زبان چینی میگویند,28
همه حروفش شبیه هم هستش,28
زبانی با بیشترین الفبا,28
زبانی که اشتراکات زیادی با فارسی دارد,28
زبان موزیکال,28
بین دوراهی موندن,29
... به ... میگه,29
آب که میره فورباغه ابوعطا می‌خونه,29
شتر در خواب بیند پنبه و جای خالی,29
موش تو ... نمیرفت,29
هر چه از او میرسد نیکوست,29
آرزو بر آنان عیب نیست,29
کنايه از آدم اهل گردش,29
گر صبرکنی ز غوره چه میسازی,29
گندم ز گندم روید ...,29
دیگ به دیگ میگه روت سیاه,29
اگر دیوار موش داشته باشد موش چه چیزی دارد,29
گهی ... به پشت,29
آنچه که دسته‌ی خودش را نمیبرد,29
نام غذایی که در یک ضرب المثل آمده,29
پایان شب ... سپید است,29
صبر,29
پرنده ای که نامش در یک ضرب المثل آمده,29
زین,29
